<office:document-content xmlns:office="urn:oasis:names:tc:opendocument:xmlns:office:1.0" xmlns:style="urn:oasis:names:tc:opendocument:xmlns:style:1.0" xmlns:text="urn:oasis:names:tc:opendocument:xmlns:text:1.0" xmlns:table="urn:oasis:names:tc:opendocument:xmlns:table:1.0" xmlns:draw="urn:oasis:names:tc:opendocument:xmlns:drawing:1.0" xmlns:fo="urn:oasis:names:tc:opendocument:xmlns:xsl-fo-compatible:1.0" xmlns:xlink="http://www.w3.org/1999/xlink" xmlns:dc="http://purl.org/dc/elemen(ts/1.1/" xmlns:meta="urn:oasis:names:tc:opendocument:xmlns:meta:1.0" xmlns:number="urn:oasis:names:tc:opendocument:xmlns:datastyle:1.0" xmlns:svg="urn:oasis:names:tc:opendocument:xmlns:svg-compatible:1.0" xmlns:chart="urn:oasis:names:tc:opendocument:xmlns:chart:1.0" xmlns:dr3d="urn:oasis:names:tc:opendocument:xmlns:dr3d:1.0" xmlns:math="http://www.w3.org/1998/Math/MathML" xmlns:form="urn:oasis:names:tc:opendocument:xmlns:form:1.0" xmlns:script="urn:oasis:names:tc:opendocument:xmlns:script:1.0" xmlns:ooo="http://openoffice.org/2004/office" xmlns:ooow="http://openoffice.org/2004/writer" xmlns:oooc="http://openoffice.org/2004/calc" xmlns:dom="http://www.w3.org/2001/xml-events" xmlns:xforms="http://www.w3.org/2002/xforms" xmlns:xsd="http://www.w3.org/2001/XMLSchema" xmlns:xsi="http://www.w3.org/2001/XMLSchema-instance" xmlns:rpt="http://openoffice.org/2005/report" xmlns:of="urn:oasis:names:tc:opendocument:xmlns:of:1.2" xmlns:xhtml="http://www.w3.org/1999/xhtml" xmlns:grddl="http://www.w3.org/2003/g/data-view#" xmlns:officeooo="http://openoffice.org/2009/office" xmlns:tableooo="http://openoffice.org/2009/table" xmlns:drawooo="http://openoffice.org/2010/draw" xmlns:calcext="urn:org:documentfoundation:names:experimental:calc:xmlns:calcext:1.0" xmlns:loext="urn:org:documentfoundation:names:experimental:office:xmlns:loext:1.0" xmlns:field="urn:openoffice:names:experimental:ooo-ms-interop:xmlns:field:1.0" xmlns:formx="urn:openoffice:names:experimental:ooxml-odf-interop:xmlns:form:1.0" xmlns:css3t="http://www.w3.org/TR/css3-text/" office:version="1.2">
  <office:scripts></office:scripts>
  <office:font-face-decls>
    <style:font-face svg:font-family="FreeSans" style:font-family-generic="swiss" style:name="FreeSans1"></style:font-face>
    <style:font-face svg:font-family="'Liberation Serif'" style:font-family-generic="roman" style:font-pitch="variable" style:name="Liberation Serif"></style:font-face>
    <style:font-face svg:font-family="'Times New Roman'" style:font-family-generic="roman" style:font-pitch="variable" style:name="Times New Roman"></style:font-face>
    <style:font-face svg:font-family="Arial" style:font-family-generic="swiss" style:font-pitch="variable" style:name="Arial"></style:font-face>
    <style:font-face svg:font-family="'Droid Sans Fallback'" style:font-family-generic="system" style:font-pitch="variable" style:name="Droid Sans Fallback"></style:font-face>
    <style:font-face svg:font-family="FreeSans" style:font-family-generic="system" style:font-pitch="variable" style:name="FreeSans"></style:font-face>
  </office:font-face-decls>
  <office:automatic-styles>
    <style:style style:family="paragraph" style:list-style-name="" style:name="P1" style:parent-style-name="Heading_20_1">
      <style:paragraph-properties style:auto-text-indent="false" fo:margin-left="0in" fo:margin-right="0in" fo:text-indent="0in"></style:paragraph-properties>
    </style:style>
    <style:style style:family="paragraph" style:master-page-name="Standard" style:name="P2" style:parent-style-name="Heading_20_1">
      <style:paragraph-properties style:page-number="auto"></style:paragraph-properties>
    </style:style>
  </office:automatic-styles>
  <office:body>
    <office:text text:use-soft-page-breaks="true">
      <office:forms form:apply-design-mode="false" form:automatic-focus="false"></office:forms>
      <text:sequence-decls>
        <text:sequence-decl text:display-outline-level="0" text:name="Illustration"></text:sequence-decl>
        <text:sequence-decl text:display-outline-level="0" text:name="Table"></text:sequence-decl>
        <text:sequence-decl text:display-outline-level="0" text:name="Text"></text:sequence-decl>
          </text:sequence-decls>
<!-- Begin Interest -->

      <text:list xml:id="list8613520842505776682" text:style-name="WW8Num3">
<!-- Title Header -->

        <text:list-item>
          <text:h text:outline-level="1" text:style-name="P2">PROGRAM PLANNING AND PROPOSAL WRIRING</text:h>
        </text:list-item>
<!-- Numbered Element -->

        <text:list-item>
          <text:h text:outline-level="1" text:style-name="Heading_20_1">Heading 1</text:h>
        </text:list-item>
      </text:list>
<!-- Normal Text -->
 
     <text:p text:style-name="Standard">Could end up on web…</text:p>
      <text:list text:continue-numbering="true" xml:id="list83516892655038" text:style-name="WW8Num3">
        <text:list-item>
          <text:h text:outline-level="1" text:style-name="Heading_20_1">Heading 1</text:h>
        </text:list-item>
      </text:list>
      <text:p text:style-name="Standard">About the promise…</text:p>
      <text:list text:continue-numbering="true" xml:id="list83516738725732" text:style-name="WW8Num3">
        <text:list-item>
<!-- Numbered Headings -->

          <text:list>
            <!-- Start List-->
<text:list-item>
              
            </text:list-item>
            <text:list-item>
              
            </text:list-item>
            <text:list-item>
              </text:list-item>
            <text:list-item>
              
            </text:list-item>
            <text:list-item>
              
            </text:list-item>
            <text:list-item>
              
            </text:list-item>
            <text:list-item>
              
            </text:list-item>
            <text:list-item></text:list-item>
            <text:list-item></text:list-item>
            <text:list-item></text:list-item>
            <text:list-item></text:list-item>
            <text:list-item>
              
            </text:list-item><text:list-item>
              
            </text:list-item><text:list-item>
              
            </text:list-item><text:list-item>
              
            </text:list-item><!-- One heading element-->
<text:list-item>
              </text:list-item>
 <!-- End of list-item-->
<text:list-item>
              <!-- Closing time-->
</text:list-item>
          </text:list>
        </text:list-item>
      </text:list>
    </office:text>
  </office:body>
</office:document-content>
