<?xml version="1.0" encoding="UTF-8"?>
<office:document-meta xmlns:office="urn:oasis:names:tc:opendocument:xmlns:office:1.0" xmlns:xlink="http://www.w3.org/1999/xlink" xmlns:dc="http://purl.org/dc/elements/1.1/" xmlns:meta="urn:oasis:names:tc:opendocument:xmlns:meta:1.0" xmlns:ooo="http://openoffice.org/2004/office" xmlns:grddl="http://www.w3.org/2003/g/data-view#" office:version="1.2"><office:meta><dc:title>My Outline</dc:title><meta:initial-creator>Paul Flint</meta:initial-creator><meta:creation-date>2014-12-10T09:58:00</meta:creation-date><dc:creator>flint</dc:creator><dc:date>2014-12-10T09:58:00</dc:date><meta:print-date>2002-05-02T11:39:00</meta:print-date><meta:editing-cycles>2</meta:editing-cycles><meta:editing-duration>P15824DT17H31M44S</meta:editing-duration><meta:document-statistic meta:table-count="0" meta:image-count="0" meta:object-count="0" meta:page-count="2" meta:paragraph-count="39" meta:word-count="142" meta:character-count="865" meta:non-whitespace-character-count="787"/><meta:generator>LibreOffice/4.2.7.2$Linux_X86_64 LibreOffice_project/420m0$Build-2</meta:generator></office:meta></office:document-meta>